Time,Pair,Action,Status,Side,Units,Confidence,Reason,SL_Pips,TP_Pips,Net_Pos_Before
2026-02-01 20:20:05,AUD_USD,observe,GPT_HOLD,,,0.52,"No cross signal (buyCross/sellCross false) and mixed cues: regime trend & ADX>22 but trend_bias bearish while trendUp flag true; EMA separation very small (~1.1 pips) and slopes negative, suggesting chop/weak continuation. Prefer wait for clearer alignment.",25.0,50.0,0
2026-02-01 20:20:03,USD_JPY,observe,GPT_HOLD,,,0.52,"Already net long; no buy/sell cross and trend_bias is mixed despite ADX~24.5. Recent momentum pullback (rsi_change_3_bars -6.45, price -6.7p) with trendUp=true but uncertain continuation; CLOSE not triggered (no trendDown/sellCross, ADX>14). Spread within limit.",25.0,50.0,3104
2026-02-01 20:20:01,XAU_USD,observe,RULE_BLOCKED_SPREAD,,,,,,,0
2026-02-01 20:15:08,USD_JPY,observe,GPT_HOLD,,,0.52,"Already long (current_net>0) with no buyCross and trend_bias mixed; continuation criteria not perfectly aligned despite ADX~24.7 and trendUp. No close triggers (trendDown=false, sellCross=false, adx not <14). Hold to avoid adding into mixed bias.",25.0,50.0,3104
2026-02-01 20:15:08,AUD_USD,observe,GPT_HOLD,,,0.52,"No cross signal (buyCross/sellCross false). Despite ADX>22, mixed signals: internal trendUp true but trend_bias bearish and sharp 3-bar selloff; avoid continuation entry without confirmation. Spread within limits.",25.0,50.0,0
2026-02-01 20:15:02,XAU_USD,observe,RULE_BLOCKED_SPREAD,,,,,,,0
2026-02-01 20:10:05,AUD_USD,observe,GPT_HOLD,,,0.52,"No valid entry trigger: no buyCross/sellCross and trend_bias is mixed; despite ADX~25 (trend regime) fast/slow slopes are negative while trendUp flag is true, indicating inconsistent continuation. Avoid opening without alignment.",25.0,50.0,0
2026-02-01 20:10:04,USD_JPY,observe,GPT_HOLD,,,0.52,"Already long (current_net>0); no buyCross/continuation trigger beyond existing position and trend_bias is mixed. With no close signal (trendUp true, no sellCross, ADX>14), hold the long; do not flip short per directional enforcement.",25.0,50.0,3104
2026-02-01 20:10:00,XAU_USD,observe,RULE_BLOCKED_SPREAD,,,,,,,0
2026-02-01 20:05:06,AUD_USD,observe,GPT_HOLD,,,0.53,"No cross signal (buyCross/sellCross false) and trend bias marked mixed with fast slope negative while slow slope positive (momentum disagreement). Although ADX is strong (~26) and trendUp is true, lack of trigger/confirmation suggests waiting; not overextended but setup criteria not met. Spread within limit.",25.0,50.0,0
2026-02-01 20:05:05,USD_JPY,observe,GPT_HOLD,,,0.52,"Already long (current_net>0). No new buy/sell cross; continuation conditions mixed despite ADX~24 and trendUp. Spread within limit. Maintain position; no CLOSE signals (trendDown false, sellCross false, ADX>14).",25.0,50.0,3104
2026-02-01 20:05:01,XAU_USD,observe,RULE_BLOCKED_SPREAD,,,,,,,0
2026-02-01 20:00:08,USD_JPY,observe,GPT_HOLD,,,0.5,"Already long (current_net>0); no buyCross/continuation add signal with mixed trend_bias and small EMA separation (~4 pips) suggests possible chop. TrendUp true and ADX~24.9 supports holding, but not strong enough for scaling in under constraints.",25.0,50.0,3104
2026-02-01 20:00:02,XAU_USD,observe,RULE_BLOCKED_SPREAD,,,,,,,0
2026-02-01 19:55:05,USD_JPY,open,OK,buy,3104,0.72,"Setup B continuation: ADX 25.5>=22 with trend regime, trendUp true, bullish bias, positive fast/slow slopes and rising RSI/momentum. Not overextended and spread within limit; no opposing position. Use max allowed SL per hint/limits and TP per hint.",25.0,50.0,0
2026-02-01 19:55:00,XAU_USD,observe,RULE_BLOCKED_SPREAD,,,,,,,0
2026-02-01 19:50:10,USD_JPY,close,OK,,,0.74,Currently short (net -3102) with buyCross=true and trendUp=true; CLOSE allowed for shorts on buyCross or trendUp. ADX 26 indicates trend strength but direction flipped upward; mixed trend_bias in lookback suggests risk of reversal. Spread 1.9 within 2.0 max.,,,-3102
2026-02-01 19:50:02,XAU_USD,observe,RULE_BLOCKED_SPREAD,,,,,,,0
2026-02-01 19:45:06,USD_JPY,open,OK,sell,3102,0.72,Setup B continuation: ADX strong (27.8) with consistent trendDown over last bars; no cross required. Not overextended; spread at limit but within max. EMA separation tiny suggests some chop risk but momentum/ADX supports short; keep standard size.,25.0,50.0,0
2026-02-01 19:45:01,XAU_USD,observe,RULE_BLOCKED_SPREAD,,,,,,,0
2026-02-01 19:40:07,USD_JPY,close,OK,,,0.72,"Currently short (current_net=-3099). Close conditions for short: trendUp OR buyCross OR adx<14. trendUp is false, buyCross false, adx strong (~29.8) so no forced close; however trend_bias is mixed and EMA separation is very low (~0.79 pips) indicating potential chop despite high ADX. With no cross signal to add and low sep risking whipsaw, prioritize reducing exposure rather than opening opposite (directional enforcement).",,,-3099
2026-02-01 19:40:01,XAU_USD,observe,RULE_BLOCKED_SPREAD,,,,,,,0
2026-02-01 19:35:06,USD_JPY,observe,GPT_HOLD,,,0.52,"Already short (current_net -3099). No fresh sellCross; trend_bias mixed with small EMA separation (0.6 pips) suggests chop despite high ADX. TrendDown true supports holding short, but without new entry trigger and to avoid adding in mixed conditions: HOLD.",25.0,50.0,-3099
2026-02-01 19:35:01,XAU_USD,observe,RULE_BLOCKED_SPREAD,,,,,,,0
2026-02-01 19:30:04,USD_JPY,open,OK,sell,3099,0.78,"Setup A/B short alignment: sellCross=true with trendDown=true, ADX 32.7 indicates strong trend; fast/slow slopes negative. Not overextended. Spread within limit. Mixed higher-level bias but immediate momentum supports short.",25.0,50.0,0
2026-02-01 19:30:01,XAU_USD,observe,RULE_BLOCKED_SPREAD,,,,,,,0
2026-02-01 19:25:05,USD_JPY,observe,GPT_HOLD,,,0.52,Spread at limit (2.0 pips) but not over. No cross signal (buyCross/sellCross false). Trend bias mixed despite trendUp true; fast/slow slopes negative and EMA separation extremely low (0.0096 pips) suggesting chop/weak signal. ADX strong but continuation not clean; stay flat.,25.0,50.0,0
2026-02-01 19:25:01,XAU_USD,observe,RULE_BLOCKED_SPREAD,,,,,,,0
2026-02-01 19:20:03,USD_JPY,observe,GPT_HOLD,,,0.52,No entry signal: no buy/sell cross and trend_bias is mixed despite high ADX. EMA separation is very small (~1 pip) suggesting chop/possible whipsaw; also slopes are negative while trendUp flag true -> inconsistency. Spread within limits; stay flat until alignment/cross/clear continuation.,25.0,50.0,0
2026-02-01 19:20:01,XAU_USD,observe,RULE_BLOCKED_SPREAD,,,,,,,0
2026-02-01 19:15:04,USD_JPY,observe,GPT_HOLD,,,0.52,"No qualifying entry signal: no buy/sell cross and conflicting signals (trendUp true but trend_bias bearish, fast/slow slopes negative). Avoid opening without Setup A/B confirmation despite strong ADX. Spread within limit; stay flat.",25.0,50.0,0
2026-02-01 19:15:03,XAU_USD,observe,RULE_BLOCKED_SPREAD,,,,,,,0
2026-02-01 19:10:05,USD_JPY,observe,GPT_HOLD,,,0.52,"No entry signal: no buy/sell cross, trend_bias is mixed and momentum is bearish (RSI 38, -28.3 pips over 3 bars) despite ADX strong. Avoid initiating against weakening move without a trigger; wait for clear continuation/cross confirmation. Spread within limit; flat position so no CLOSE logic.",25.0,50.0,0
2026-02-01 19:10:02,XAU_USD,observe,RULE_BLOCKED_SPREAD,,,,,,,0
2026-02-01 19:05:05,USD_JPY,observe,GPT_HOLD,,,0.52,"No cross signal (buyCross/sellCross false). Although ADX is strong (34.7), trend_bias is mixed and fast/slow slopes are negative while trendUp flag is true, indicating inconsistency. Avoid opening without Setup A/B alignment; wait for clearer continuation or cross confirmation. Spread within limit.",25.0,50.0,0
2026-02-01 19:05:02,XAU_USD,observe,RULE_BLOCKED_SPREAD,,,,,,,0
2026-02-01 19:00:07,USD_JPY,observe,GPT_HOLD,,,0.5,"Already long (current_net>0). No buyCross and trend_bias mixed with fast_slope slightly negative despite trendUp; not a clean continuation/add signal. Spread at limit but not above. Maintain position; no CLOSE triggers (trendDown=false, sellCross=false, adx strong).",25.0,50.0,3103
2026-02-01 18:55:05,USD_JPY,observe,GPT_HOLD,,,0.5,"Already long (current_net>0); no buy/sell cross and trend_bias mixed. While ADX is strong and trendUp true, fast slope is negative and momentum is not clean continuation; avoid adding without clearer alignment. Spread within limit, and no close trigger (trendDown/sellCross/low ADX) present.",25.0,50.0,3103
2026-02-01 18:50:07,USD_JPY,observe,GPT_HOLD,,,0.52,"Already net long; no buy/sell cross signal. Although ADX is strong and trendUp is true, trend_bias is mixed and fast/slow slopes diverge, so no clear continuation entry. Spread within limit; maintain position (no CLOSE triggers: no trendDown/sellCross and ADX well above 14).",25.0,50.0,3103
2026-02-01 18:45:07,USD_JPY,open,OK,buy,3103,0.72,Setup B (continuation): strong trend regime with ADX 42.5 and wide EMA separation (18.4 pips). trendUp true across lookback; not overextended. No cross signals; treat as trend continuation despite mixed short-term bias. Spread within limit.,25.0,50.0,0
2026-02-01 18:40:05,USD_JPY,observe,GPT_HOLD,,,0.5,No EMA cross (buyCross/sellCross false) and mixed signals: trendUp true/strong ADX but analysis trend_bias bearish with sharp 3-bar selloff; avoid chasing without a valid setup.,25.0,50.0,0
2026-02-01 18:35:06,USD_JPY,observe,GPT_HOLD,,,0.52,"No cross signal (buyCross/sellCross false). Despite strong ADX (47.8) and good EMA separation, trend signals conflict (trendUp true but analysis trend_bias bearish; fast slope negative vs slow slope slightly positive), suggesting pullback/chop risk. Spread within limit. Wait for clear continuation alignment or a cross.",25.0,50.0,0
2026-02-01 18:30:03,USD_JPY,observe,RULE_BLOCKED_SPREAD,,,,,,,3109
2026-02-01 18:25:06,USD_JPY,observe,GPT_HOLD,,,0.52,"Existing long position; no buy/sell cross signal. Although ADX is very strong and trendUp=true, trend_bias is mixed and momentum is weakening (rsi_change_3_bars negative, slight 3-bar price pullback). No CLOSE trigger (trendDown=false, sellCross=false, adx well above 14). Spread within limits; hold and avoid adding in mixed bias.",25.0,50.0,3109
2026-02-01 18:20:01,USD_JPY,observe,RULE_BLOCKED_SPREAD,,,,,,,3109
2026-02-01 18:15:09,USD_JPY,observe,GPT_HOLD,,,0.5,"Blocked from opening opposite direction: current position is long (current_net>0) and no qualifying close signal (trendUp true, no sellCross, ADX strong). Also trend_bias mixed and RSI elevated; avoid adding without clearer setup.",25.0,50.0,3109
2026-02-01 18:10:10,USD_JPY,open,OK,buy,3109,0.72,"Spread within limit. Strong trend/continuation setup: ADX very high (55) with large EMA separation (28 pips) and both fast/slow slopes positive; trendUp true across lookback. Not overextended per flag; no opposing cross. Trend_bias mixed lowers confidence slightly, but regime=trend supports long entry. Use hinted bracket within limits (SL 25, TP 50).",25.0,50.0,0
2026-02-01 18:05:02,USD_JPY,observe,RULE_BLOCKED_SPREAD,,,,,,,0
2026-02-01 18:00:02,USD_JPY,observe,RULE_BLOCKED_SPREAD,,,,,,,0
2026-02-01 17:55:02,USD_JPY,observe,RULE_BLOCKED_SPREAD,,,,,,,0
2026-02-01 17:50:01,USD_JPY,observe,RULE_BLOCKED_SPREAD,,,,,,,0
2026-02-01 17:45:01,USD_JPY,observe,RULE_BLOCKED_SPREAD,,,,,,,0
